{"templates":[{"name":"Development Tools","description":"Templates for coding and development tasks","quickprompts":[{"description":"Analyze and fix code issues using root cause analysis","order":250,"replacementPrompt":"\nFix the following issue:\n\n{clipboard}{cursor}\n\n---\nUse first-level principles to identify 3 possible root causes.\nFor each root cause, identify a possible correction.\nThen for each fix, identify pros and cons and the likelihood that this will fix the issue.\nFrom the learning, propose the solution that is most likely going to solve the issue.\nThe solution you provide shall be complete and for sure fix the issue.\n","showButton":false,"trigger":"fix"},{"description":"Implement code changes based on clipboard content","order":260,"replacementPrompt":"\nCould you update the following code to make sure to implement the above change.\n---\ncode to update: \n{clipboard}{cursor}\n---\nRecall what is the current change we want to make with the high-level steps.\n\nMake sure to write the entire files and include the code change needed for this feature.\n","showButton":true,"trigger":"complete"},{"description":"Generate Git naming suggestions for projects and branches","order":240,"replacementPrompt":"# Snippet: Git Naming Suggester (for Project Name, Branch Name, and Commit Message)\n\nAct as an expert software developer and Git user who adheres to clean code and Git best practices. Provide suggestions for the following:\n\n1. **Git Project Name**: \n   Suggest a concise and descriptive project name based on the key features and purpose. Follow conventions such as snake_case or kebab-case.\n\n2. **Git Branch Name**: \n   Based on the task (feature, bug fix, refactor), suggest a branch name that is concise, uses hyphens (`-`), and follows Git naming conventions (e.g., `feature/`, `fix/`, `refactor/`).\n\n3. **Git Commit Message**: \n   Based on the changes (from `git diff` or task description), suggest a commit message that:\n   - Uses a short, meaningful title (less than 50 characters) in the imperative mood.\n   - Optionally includes a body for more detailed explanation (wrapped at 72 characters).\n\n**Context {clipboard}\n\n### Example Suggestions:\n- **Project Name**: `user-auth-service`\n- **Branch Name**: `feature/user-auth-optimization`\n- **Commit Message**: \n   \"Optimize user authentication flow\"\n\nPlease suggest appropriate names for the Git project, branch, and commit message based on the provided context.","showButton":false,"trigger":"gitname"},{"description":"Code review checklist","trigger":"review","order":30,"replacementPrompt":"\nReview this code:\n---\n{clipboard}{cursor}\n\nChecklist:\n1. Functionality\n- Logic correctness\n- Edge cases\n- Error handling\n\n2. Code Quality\n- Readability\n- Best practices\n- Performance\n\n3. Testing\n- Test coverage\n- Test cases","showButton":true},{"description":"Show list of currently visible files in workspace","order":360,"replacementPrompt":"Current visible files:\n{url-content url:'http://localhost:3000/visible-files' format:'files'}","showButton":false,"trigger":"pull"}]}]}
