{"templates":[{"name":"Problem Solving Tools","description":"A collection of quickprompts for systematic problem solving","quickprompts":[{"order":1,"replacementPrompt":"\nDo you understand ?\n---\n{clipboard}{cursor}","showButton":true,"trigger":"understand"},{"trigger":"rewrite","replacementPrompt":"Please rewrite the following text to improve its structure, grammar, and clarity.\n---\n{clipboard}{cursor}","order":10,"showButton":true},{"order":30,"replacementPrompt":"\n---\nPlease ask me targeted multiple-choice questions to clarify my request and confirm your understanding, focusing on key areas of potential ambiguity.\n\n{cursor}","showButton":true,"trigger":"clarify"},{"keyPress":null,"order":40,"replacementPrompt":"\n---\nGenerate three distinct and innovative solutions to the problem, ensuring each takes a unique approach.\n{cursor}\n","showButton":false,"trigger":"generate"},{"order":45,"replacementPrompt":"---\nPlease provide a concise summary of the problem and key points discussed so far.\n\n{cursor}\n","showButton":false,"trigger":"summarize"},{"keyPress":null,"order":50,"replacementPrompt":"\nAct as a critical evaluator and expert in problem-solving using first-level principles. Your task is to rigorously critique the proposed solution, focusing on identifying flaws, gaps, and areas for improvement.\n\nInstructions:\n\nAssess the Core Solution:\nCritically evaluate whether the solution fully addresses the core problem.\nIdentify any logical inconsistencies or misalignments with the original problem statement.\n\nIdentify Flaws and Gaps:\nHighlight areas where the solution is incomplete, vague, or unclear.\nLook for missing elements that could hinder the solution's success.\nCheck for any overlooked constraints (e.g., time, budget, technical limitations).\n\nEvaluate Effectiveness:\nAssess whether the solution will be effective in practice.\nConsider any risks or trade-offs that could negatively impact the outcome.\n\nSuggest Improvements:\nPropose specific and actionable ways to improve the solution.\nFocus on enhancing the clarity, feasibility, and impact of the solution.\n\nPrioritize Issues:\nUse first-level principles to prioritize the most critical flaws or gaps.\nExplain why certain aspects matter more than others in achieving a successful outcome.\n\nExample Format:\nFlaw 1: Identify the flaw or gap.\nExplanation: Briefly explain why this is a significant issue.\nSuggested Improvement: Provide a clear and actionable recommendation for improvement.\nFlaw 2: ...\nExplanation: ...\nSuggested Improvement: ...\n","showButton":false,"trigger":"critic"},{"order":55,"replacementPrompt":"\n---\nHere is a new problem to solve:\n{cursor}\n\nPlease confirm your understanding of the problem.","showButton":false,"trigger":"define"},{"keyPress":null,"order":60,"replacementPrompt":"\n---\nRecommend three authoritative resources that offer key insights into solving this problem, including a brief explanation of how each applies.\n{cursor}\n","showButton":false,"trigger":"discover"},{"keyPress":null,"order":70,"replacementPrompt":"\nDescribe the Core Problem:\nUse first principles to identify the fundamental issue.\n\nGenerate Solutions:\nPropose three unique solutions, noting three main pros and cons for each.\n\nSet Evaluation Criteria:\nEstablish key criteria for evaluating solutions based on first principles.\n\nEvaluate and Select:\nAssess each solution's strengths and weaknesses.\nDetermine if the best choice is a single solution or a combination of elements.\n\nDeliver the Best Solution:\nPresent the optimal solution—either standalone or composite—based on evaluation.\nProvide necessary context and actionable guidance, seeking input only if essential.\n\n{cursor}\n","showButton":false,"trigger":"solve"},{"keyPress":null,"order":80,"replacementPrompt":"\n---\nPlease recall and summarize the current problem or describe the current context of our discussion.\n\n{cursor}\n","showButton":false,"trigger":"recall"}]}]}
