{"templates":[{"name":"Problem Solving Tools","description":"A collection of quickprompts for systematic problem solving","quickprompts":[{"description":"Request detailed explanation of current context","order":730,"replacementPrompt":"---\nPlease elaborate and provide more detail on the current problem or context, focusing on key aspects that require deeper understanding or explanation.\n{cursor}\n","showButton":false,"trigger":"elab"},{"description":"Assess solutions with pros, cons, and critical flaws","order":750,"replacementPrompt":"\n---\nAssess the proposed solutions by summarizing their most significant pros and cons, and identifying any critical flaws.","showButton":false,"trigger":"assess"}]}]}
