{
    "content_scripts": [
        "content.js"
    ], 
    "name": "Twigano Collector", 
    "creator": "Abdelrahman Mohsen", 
    "description": "Add your favorite products from all over the web to Twigano", 
    "framework_version": "1.8.0 3dc957b83b36", 
    "background_scripts": [
        "main.js"
    ], 
    "homepage_url": "https://twigano.com/", 
    "version": "1.4.1", 
    "framework_package_id": "dev", 
    "id": "aommadefkepbmohfhhncheiddakmobjc", 
    "browser_button": {
        "caption": "Twigano Collector", 
        "icon": "icons/icon128.png", 
        "tooltipText": "Launch Twigano Collector"
    }
}