{
    "type":"object",
    "properties":{
        "UrlWhiteList":{
            "type":"array",
            "items":{
                "type":"object",
                "properties":{
                    "url":{"type":"string"},
                    "title":{"type":"string"}
                }
            }
        },
        "ForceConfirmScreen":{
            "type": "boolean"
        },
        "JoinAnotherSchoolClass":{
            "type": "boolean"
        },
        "SystemId":{
            "type": "string"
        },
        "AvailableTime":{
            "type":"object",
            "properties":{
                "enabled":{"type":"boolean"},
                "dayOfWeek":{"type":"string"},
                "startTime":{"type":"string"},
                "endTime":{"type":"string"}
            }
        },
        "Signaling":{
            "type":"object",
            "properties":{
                "clientSigType":{"type":"integer"},
                "ctrlIceTimer":{"type":"integer"}
            }
        },
        "SystemPriority":{
            "type":"string"
        }
    }
}
