{
    "framework_package_id": "dev", 
    "content_scripts": [
        "app/forum.js"
    ], 
    "description": "XJedi Plus", 
    "default_locale": "ru", 
    "creator": "Assada", 
    "framework_version": "1.7.6 e5b39c50d196", 
    "background_scripts": [
        "lib/require.js", 
        "app.js"
    ], 
    "homepage_url": "https://xjedi.assada.me/", 
    "version": "0.1.5", 
    "options_page": "options.html", 
    "update_path_url": "https://assada.me/xjedi_upd/", 
    "update_url": "https://assada.me/xjedi_upd/update_chrome.xml", 
    "browser_button": {
        "caption": "XJedi Monitor", 
        "tooltipText": "XJedi Monitor", 
        "icon": "icons/button.png"
    }, 
    "id": "oiiebjjjfnfblfkabkkfihegnijkcocj", 
    "locales": [
        "ru", 
        "ua"
    ], 
    "name": "XJedi Plus"
}